order_id,customer_id,ordered_at,status,cancelled_at
1001,1,2026-09-01T10:15:00Z,completed,
1002,2,2026-09-02T14:30:00Z,completed,
1003,3,2026-09-05T09:00:00Z,cancelled,2026-09-06T08:45:00Z
1004,1,2026-09-10T16:20:00Z,shipped,
1005,4,2026-09-12T11:05:00Z,completed,
1006,5,2026-09-15T13:40:00Z,pending,
1007,2,2026-09-18T08:25:00Z,completed,
1008,6,2026-09-20T17:50:00Z,cancelled,2026-09-21T10:10:00Z
1009,7,2026-09-25T12:00:00Z,shipped,
1010,8,2026-09-28T15:35:00Z,pending,
1011,9,2026-09-30T10:00:00Z,completed,
1012,,2026-10-01T09:15:00Z,pending,
1013,12,2026-10-02T14:45:00Z,completed,
1014,4,2026-10-03T08:30:00Z,refunded,2026-10-04T11:00:00Z