order_line_id,order_id,product_id,quantity,unit_price_amount,unit_price_currency
5001,1001,201,2,29.99,USD
5002,1001,205,1,89.50,USD
5003,1002,202,3,15.00,EUR
5004,1003,203,1,120.00,USD
5005,1004,201,1,29.99,USD
5006,1004,207,4,9.75,USD
5007,1005,204,2,45.00,GBP
5008,1005,206,1,199.99,USD
5009,1006,202,5,15.00,EUR
5010,1007,208,2,59.00,USD
5011,1008,203,1,120.00,USD
5012,1009,205,1,89.50,USD
5013,1009,207,3,9.75,USD
5014,1010,204,1,45.00,GBP
5015,1011,201,1,29.99,USD
5016,1011,205,2,89.50,USD
5017,1013,206,1,199.99,USD
5018,1014,203,-1,120.00,USD
5019,1014,201,0,29.99,USD
5020,9999,202,1,15.00,EUR